,1700,1920
AS,0.0,2494.0
AV,0.0,1925.0
Aa,3344.0,0.0
Aand,3713.0,0.0
Aar,14179.0,0.0
Aaret,2470.0,0.0
Af,8499.0,0.0
Afrika,0.0,1855.0
Ahmose,0.0,1603.0
Almindelighed,2034.0,0.0
Amt,3281.0,0.0
Anden,2116.0,0.0
Anders,1867.0,0.0
Andersen,1820.0,0.0
Andet,2741.0,0.0
Anledning,4512.0,0.0
Anna,0.0,3244.0
Anne,0.0,2329.0
Ansigt,2614.0,0.0
Antal,2316.0,0.0
Antall,0.0,1956.0
April,4315.0,0.0
Arbeide,3764.0,0.0
Areal,0.0,6450.0
Arne,0.0,1942.0
Art,2284.0,0.0
Aug,2076.0,0.0
August,3335.0,0.0
Bare,0.0,2600.0
Behandling,1877.0,0.0
Bergens,1858.0,0.0
Besetn,0.0,3169.0
Beslutning,1964.0,0.0
Bestemmelse,2312.0,0.0
Bestemmelser,2175.0,0.0
Betydning,2659.0,0.0
Blake,0.0,1676.0
Blod,3026.0,0.0
Born,1894.0,0.0
Branntakst,0.0,4096.0
Brev,2664.0,0.0
Brug,2510.0,0.0
Bud,2389.0,0.0
By,1874.0,0.0
Byen,2895.0,0.0
Både,0.0,1651.0
CO,0.0,2102.0
Carl,2086.0,0.0
Chr,1906.0,0.0
Christi,2610.0,0.0
Christian,2103.0,0.0
Christiania,3277.0,0.0
Christus,5748.0,0.0
Dag,9046.0,0.0
Dage,5275.0,0.0
Dagen,2479.0,0.0
Dat,1938.0,0.0
Datter,2067.0,0.0
December,1913.0,0.0
Deel,3153.0,0.0
Del,6438.0,0.0
Dele,1855.0,0.0
Departementet,3866.0,0.0
Dessuten,0.0,3005.0
Dg,3115.0,0.0
Die,3267.0,0.0
Dig,2819.0,0.0
Do,2617.0,0.0
Dog,2692.0,0.0
Dom,2357.0,0.0
Eder,5368.0,0.0
Eders,2608.0,0.0
Efter,11131.0,0.0
Eier,0.0,6851.0
Eller,0.0,1941.0
Ende,2436.0,0.0
Enhver,3050.0,0.0
Etter,0.0,7754.0
Evangeliet,2215.0,0.0
Evangelium,1906.0,0.0
Ex,1837.0,0.0
Fader,4977.0,0.0
Faderen,2311.0,0.0
Fald,2431.0,0.0
Far,2194.0,0.0
Februar,2060.0,0.0
Figur,0.0,2194.0
Fjøs,0.0,3093.0
Fod,1919.0,0.0
Folk,9155.0,0.0
Folket,2820.0,0.0
Forandring,2283.0,0.0
Forbindelse,2745.0,0.0
Forhold,4888.0,0.0
Form,2929.0,0.0
Forslag,3606.0,0.0
Frd,1876.0,0.0
Fred,3561.0,0.0
Fru,3424.0,0.0
Før,0.0,1765.0
Først,0.0,2016.0
Gaard,3610.0,0.0
Gaarden,2632.0,0.0
Gang,7050.0,0.0
Gange,3011.0,0.0
Gjerning,2071.0,0.0
Gjerninger,3058.0,0.0
Gods,2404.0,0.0
Gr,0.0,1618.0
Grad,2939.0,0.0
Grund,7219.0,0.0
Haab,2102.0,0.0
Haand,4753.0,0.0
Hansen,2403.0,0.0
Harald,2495.0,0.0
Hele,2418.0,0.0
Henrik,1867.0,0.0
Henseende,3254.0,0.0
Hensyn,6313.0,0.0
Herre,7900.0,0.0
Herrens,2780.0,0.0
Historie,2524.0,0.0
Hjerte,5479.0,0.0
Hjertet,2315.0,0.0
Hovedbygn,0.0,6119.0
Hus,2822.0,0.0
Hustru,2023.0,0.0
Hva,0.0,9031.0
Hvad,10845.0,0.0
Hvem,0.0,1867.0
Hvordan,0.0,3471.0
Hvorledes,1827.0,0.0
III,0.0,1714.0
IN,1864.0,0.0
Imidlertid,1905.0,0.0
Indstilling,2372.0,0.0
Intet,3354.0,0.0
Iste,5639.0,0.0
Januar,2345.0,0.0
Jens,2051.0,0.0
Jesu,5042.0,0.0
Jfr,3278.0,0.0
Joh,2828.0,0.0
John,0.0,3479.0
Jord,2444.0,0.0
Jorden,4470.0,0.0
Juli,5099.0,0.0
Juni,5169.0,0.0
Kanskje,0.0,2964.0
Kap,2528.0,0.0
Kapittel,0.0,2003.0
Kirke,3701.0,0.0
Kirken,2438.0,0.0
Kl,2533.0,0.0
Kom,2006.0,0.0
Komiteen,2461.0,0.0
Kong,5750.0,0.0
Konge,3453.0,0.0
Kongelig,1869.0,0.0
Kongen,9278.0,0.0
Kongens,3355.0,0.0
Kr,6182.0,0.0
Kra,4167.0,0.0
Kraft,4362.0,0.0
Kristi,2438.0,0.0
Kristian,2467.0,0.0
Kristiania,6975.0,0.0
La,0.0,3929.0
Lad,2949.0,0.0
Land,5141.0,0.0
Lande,1879.0,0.0
Landet,4553.0,0.0
Landets,1826.0,0.0
Lars,0.0,1645.0
Levanger,0.0,1696.0
Liv,8638.0,0.0
Livet,3155.0,0.0
London,0.0,2134.0
Lov,8917.0,0.0
Loven,3587.0,0.0
Lys,3143.0,0.0
Lyst,2083.0,0.0
Maade,8509.0,0.0
Maal,2211.0,0.0
Magnus,2438.0,0.0
Magt,4483.0,0.0
Mai,5425.0,0.0
Mand,11396.0,0.0
Marie,0.0,3643.0
Martin,0.0,1957.0
Marts,4407.0,0.0
Mcend,2464.0,0.0
Me,2078.0,0.0
Medlemmer,2102.0,0.0
Mening,2615.0,0.0
Menneske,3842.0,0.0
Mennesker,3373.0,0.0
Mens,0.0,1963.0
Midler,1999.0,0.0
Min,3458.0,0.0
Mod,2153.0,0.0
Moder,2392.0,0.0
Mor,2113.0,0.0
Mænd,2064.0,0.0
NOU,0.0,1751.0
Naade,4440.0,0.0
Naar,11820.0,0.0
Nat,1844.0,0.0
Natur,1967.0,0.0
Navn,9029.0,0.0
New,0.0,2004.0
No,10138.0,0.0
Noen,0.0,3896.0
Nogen,3023.0,0.0
Noget,3262.0,0.0
Nogle,2017.0,0.0
Norsk,0.0,3799.0
Norske,0.0,1837.0
November,1831.0,0.0
Nr,2212.0,0.0
Nu,8663.0,0.0
Nå,0.0,5949.0
Når,0.0,13247.0
OG,0.0,4119.0
Ogsaa,3298.0,0.0
Også,0.0,3505.0
Ord,14834.0,0.0
Ordet,2604.0,0.0
Paa,12552.0,0.0
Par,3193.0,0.0
Paris,2759.0,0.0
Paulus,2684.0,0.0
Penge,2634.0,0.0
Per,0.0,2052.0
Person,2042.0,0.0
Personer,1888.0,0.0
Peter,2198.0,0.0
Plads,2389.0,0.0
Postadr,0.0,6662.0
Pr,1948.0,0.0
På,0.0,12904.0
RRR,0.0,2462.0
Raad,2005.0,0.0
Res,1922.0,0.0
Resolution,2933.0,0.0
Ret,5278.0,0.0
Rige,3384.0,0.0
Rom,3004.0,0.0
Rt,0.0,2086.0
Sa,2253.0,0.0
Saa,11617.0,0.0
Saaledes,4408.0,0.0
Sag,4635.0,0.0
Sagen,3775.0,0.0
Sager,2134.0,0.0
Samtidig,0.0,1845.0
Sandhed,1898.0,0.0
Seiv,0.0,2632.0
September,2083.0,0.0
Side,10612.0,0.0
Skade,2375.0,0.0
Skib,2248.0,0.0
Skibe,2014.0,0.0
Skibet,2319.0,0.0
Skogn,0.0,1628.0
Skyld,4946.0,0.0
Slags,4103.0,0.0
Slik,0.0,2647.0
Sofie,0.0,1832.0
Sogn,3770.0,0.0
Son,3121.0,0.0
Sp,3468.0,0.0
Spd,6787.0,0.0
Sprog,2352.0,0.0
St,10370.0,0.0
Stand,1929.0,0.0
Stang,0.0,3041.0
Statens,0.0,1782.0
Sted,8024.0,0.0
Steder,3309.0,0.0
Stedet,1858.0,0.0
Stilling,3177.0,0.0
Stjørdal,0.0,2066.0
Storthinget,2597.0,0.0
Stortinget,0.0,2003.0
Stund,2079.0,0.0
Stykke,2136.0,0.0
Synd,2902.0,0.0
Synden,2020.0,0.0
Synder,2287.0,0.0
Så,0.0,9599.0
Tabell,0.0,2775.0
Tag,1891.0,0.0
Tak,1947.0,0.0
Tale,2765.0,0.0
Tanker,2248.0,0.0
Thi,8245.0,0.0
Tid,18038.0,0.0
Tiden,4006.0,0.0
Tider,2061.0,0.0
Tilfcelde,2172.0,0.0
Tilfælde,2642.0,0.0
Ting,6253.0,0.0
Tjeneste,2239.0,0.0
Tro,4352.0,0.0
Troen,3868.0,0.0
Trondheim,0.0,2024.0
Trondhjem,2425.0,0.0
USA,0.0,2342.0
Udt,4099.0,0.0
Uthus,0.0,2116.0
VI,2123.0,0.0
Vand,3209.0,0.0
Varer,1894.0,0.0
Vedkommende,2357.0,0.0
Vei,3927.0,0.0
Veien,2681.0,0.0
Velg,0.0,2043.0
Ven,2540.0,0.0
Venner,2032.0,0.0
Verden,7280.0,0.0
Verdens,2304.0,0.0
Videre,0.0,1973.0
Vil,2072.0,0.0
Vor,1973.0,0.0
Word,0.0,1606.0
Y,0.0,1642.0
aa,8288.0,0.0
aabne,1865.0,0.0
aar,13989.0,0.0
aarlig,3375.0,0.0
ab,2980.0,0.0
aber,2149.0,0.0
ad,5926.0,0.0
adgang,0.0,2110.0
aff,1944.0,0.0
ag,2078.0,0.0
agenten,0.0,1607.0
ai,2136.0,0.0
ak,3335.0,0.0
akkurat,0.0,3286.0
aktuelle,0.0,1702.0
al,18586.0,0.0
aldeles,5346.0,0.0
alder,0.0,1777.0
aldri,0.0,8738.0
aldrig,12055.0,0.0
all,0.0,5892.0
aller,0.0,1969.0
alligevel,2395.0,0.0
alltid,0.0,8867.0
almindelig,4357.0,0.0
almindelige,5431.0,0.0
altid,10701.0,0.0
altsaa,9168.0,0.0
altså,0.0,7843.0
alvorlig,0.0,1909.0
am,3331.0,0.0
anben,2037.0,0.0
anden,25657.0,0.0
anderledes,1909.0,0.0
andet,14950.0,0.0
ang,6334.0,0.0
angaaende,4029.0,0.0
angaar,2493.0,0.0
anlegg,0.0,1696.0
annen,0.0,14614.0
annet,0.0,15233.0
ansatte,0.0,2645.0
ansees,3426.0,0.0
ansikt,0.0,1653.0
ansiktet,0.0,3227.0
ansvar,0.0,2965.0
antage,1855.0,0.0
antages,3333.0,0.0
antall,0.0,4651.0
anvendes,2748.0,0.0
arbeid,0.0,7601.0
arbeider,0.0,3114.0
atter,9114.0,0.0
auf,2898.0,0.0
august,0.0,2023.0
avgjørende,0.0,1713.0
avhengig,0.0,2063.0
avsnitt,0.0,2204.0
avtale,0.0,2334.0
ba,10873.0,0.0
baade,9731.0,0.0
bag,3163.0,0.0
bak,0.0,4846.0
bakgrunn,0.0,1754.0
ban,4034.0,0.0
barna,0.0,2989.0
barnet,0.0,4029.0
basert,0.0,2138.0
beb,3357.0,0.0
bede,2904.0,0.0
beder,1903.0,0.0
bedriften,0.0,1870.0
bedrifter,0.0,2024.0
bedst,2579.0,0.0
bedste,4565.0,0.0
begrenset,0.0,1692.0
begynder,2708.0,0.0
begyndte,6198.0,0.0
begynne,0.0,1900.0
begynnelsen,0.0,1958.0
begynner,0.0,2451.0
begynte,0.0,5660.0
behandling,0.0,3210.0
behov,0.0,4628.0
bekjendt,2499.0,0.0
beløp,0.0,1738.0
bem,6275.0,0.0
ben,43501.0,0.0
benne,4465.0,0.0
ber,25090.0,0.0
beregnet,0.0,1604.0
berfor,2861.0,0.0
best,0.0,3136.0
bestaar,2902.0,0.0
beste,0.0,3683.0
bestemmelser,0.0,2325.0
består,0.0,2663.0
bet,39211.0,0.0
bette,4511.0,0.0
betyr,0.0,3440.0
bi,3903.0,0.0
bie,4322.0,0.0
big,5553.0,0.0
bilde,0.0,2037.0
bildet,0.0,1896.0
bilen,0.0,1920.0
bin,4210.0,0.0
bindv,0.0,2469.0
bit,2825.0,0.0
blandt,6787.0,0.0
blant,0.0,7821.0
ble,0.0,60113.0
bleve,2202.0,0.0
bleven,7779.0,0.0
blevet,2845.0,0.0
blevne,1967.0,0.0
blikk,0.0,1774.0
blit,2585.0,0.0
blitt,0.0,12930.0
blive,23982.0,0.0
bliver,17370.0,0.0
blot,9207.0,0.0
bo,2292.0,0.0
bog,5796.0,0.0
bok,0.0,1993.0
bord,0.0,1596.0
bordet,0.0,1677.0
bra,0.0,2796.0
bragt,2375.0,0.0
bragte,2423.0,0.0
bref,2069.0,0.0
brev,0.0,2331.0
bringe,3835.0,0.0
bror,0.0,1625.0
bruge,2371.0,0.0
bruges,2121.0,0.0
bruk,0.0,7822.0
bruke,0.0,6515.0
bruker,0.0,4068.0
brukes,0.0,5688.0
brukt,0.0,4179.0
brukte,0.0,1947.0
bu,9321.0,0.0
bygd,0.0,1731.0
bygge,0.0,2176.0
bygget,1922.0,0.0
både,0.0,14044.0
bære,4041.0,0.0
ca,0.0,1871.0
cn,1878.0,0.0
cos,0.0,1583.0
dage,4433.0,0.0
dagen,0.0,3610.0
dagens,0.0,1905.0
dager,0.0,4735.0
daglig,1883.0,0.0
danner,2447.0,0.0
danske,3992.0,0.0
das,3299.0,0.0
data,0.0,2213.0
deg,0.0,17806.0
dekket,0.0,1960.0
dele,2281.0,0.0
delen,0.0,1853.0
deler,0.0,4140.0
delvis,0.0,2217.0
dengang,2354.0,0.0
deraf,5022.0,0.0
derav,0.0,2401.0
dere,0.0,5787.0
derefter,3757.0,0.0
deretter,0.0,2588.0
derhos,2101.0,0.0
deri,3713.0,0.0
derimod,5684.0,0.0
derimot,0.0,2439.0
derom,3495.0,0.0
derpaa,4729.0,0.0
dertil,6497.0,0.0
derved,7618.0,0.0
des,4859.0,0.0
desember,0.0,1827.0
dessuten,0.0,2917.0
desuden,3018.0,0.0
die,11815.0,0.0
direkte,0.0,5223.0
ditt,0.0,3311.0
do,3530.0,0.0
dokumentet,0.0,1741.0
dra,0.0,1791.0
drive,1885.0,0.0
dro,0.0,1787.0
drog,2645.0,0.0
dyp,0.0,1590.0
dyrket,0.0,4741.0
dårlig,0.0,2681.0
døren,0.0,2827.0
eb,5173.0,0.0
eder,3831.0,0.0
eders,2043.0,0.0
een,3332.0,0.0
efterat,3268.0,0.0
egentlige,1849.0,0.0
egg,0.0,1580.0
eie,0.0,3301.0
eiendom,0.0,1817.0
eier,0.0,6820.0
eine,2212.0,0.0
ej,2338.0,0.0
ek,2002.0,0.0
eksempel,0.0,9764.0
eksempler,0.0,1588.0
eldre,0.0,3065.0
elevene,0.0,3098.0
elever,0.0,1956.0
enb,4845.0,0.0
enbnu,2061.0,0.0
end,46694.0,0.0
enda,0.0,4563.0
endda,1912.0,0.0
ende,1903.0,0.0
endel,2294.0,0.0
endnu,17767.0,0.0
endog,6203.0,0.0
endringer,0.0,2369.0
engelske,2264.0,0.0
enn,0.0,32909.0
ennå,0.0,3367.0
ens,1998.0,0.0
ere,25284.0,0.0
erfaring,0.0,1668.0
erstatning,0.0,2234.0
es,3107.0,0.0
ester,3828.0,0.0
ethvert,3032.0,0.0
etsj,0.0,6588.0
eu,2017.0,0.0
eventuelt,0.0,2322.0
evig,2093.0,0.0
evige,2228.0,0.0
evne,0.0,1651.0
fa,2057.0,0.0
faa,41337.0,0.0
faaet,4983.0,0.0
faar,11388.0,0.0
faat,2308.0,0.0
fagbe,2580.0,0.0
faktisk,0.0,2768.0
falde,2760.0,0.0
falder,3135.0,0.0
faldt,4515.0,0.0
fall,0.0,4409.0
faller,0.0,2184.0
familien,0.0,2004.0
famme,2703.0,0.0
fan,8267.0,0.0
fandt,6697.0,0.0
fandtes,2703.0,0.0
fant,0.0,4412.0
faren,0.0,1948.0
fat,2870.0,0.0
fe,5022.0,0.0
februar,0.0,1720.0
feil,0.0,2862.0
felles,0.0,3450.0
fer,2097.0,0.0
ferdig,0.0,2686.0
ffal,3973.0,0.0
ffulbe,1846.0,0.0
fig,17667.0,0.0
figer,2261.0,0.0
figur,0.0,1800.0
fik,15820.0,0.0
fikk,0.0,16913.0
fin,11188.0,0.0
finde,6758.0,0.0
finder,4329.0,0.0
findes,8391.0,0.0
fine,5409.0,0.0
finne,0.0,7478.0
finner,0.0,5896.0
finnes,0.0,7273.0
firir,2213.0,0.0
fit,4130.0,0.0
fo,2397.0,0.0
fom,23534.0,0.0
font,2603.0,0.0
forat,2048.0,0.0
fordel,0.0,1739.0
fore,3105.0,0.0
foregaaende,1997.0,0.0
forekommer,2155.0,0.0
foreldre,0.0,12873.0
foreldrene,0.0,1585.0
foreligger,0.0,1694.0
forholdene,0.0,1626.0
forholdet,0.0,2849.0
forholdsvis,0.0,1607.0
formedelst,2410.0,0.0
former,0.0,2016.0
formål,0.0,1686.0
forn,18380.0,0.0
forrige,2127.0,0.0
forsaavidt,2736.0,0.0
forskjellig,0.0,1810.0
forskning,0.0,2023.0
forst,1832.0,0.0
forste,2035.0,0.0
forstå,0.0,2649.0
forståa,1900.0,0.0
forstår,0.0,1760.0
forsøk,0.0,1977.0
fortelle,0.0,2303.0
forteller,0.0,2053.0
fortsatt,0.0,3497.0
fortsatte,0.0,2424.0
foruden,2509.0,0.0
fram,0.0,9387.0
franske,1935.0,0.0
fred,0.0,1822.0
fremmed,1846.0,0.0
fremmede,3270.0,0.0
fremst,0.0,2619.0
frie,2158.0,0.0
frit,2171.0,0.0
from,0.0,1999.0
fru,1900.0,0.0
frå,0.0,2606.0
ftaa,1818.0,0.0
fuld,3542.0,0.0
fuldstændig,2400.0,0.0
fuldt,3068.0,0.0
full,0.0,3541.0
fullstendig,0.0,1910.0
fullt,0.0,2793.0
fun,2314.0,0.0
funbe,3176.0,0.0
fundet,3994.0,0.0
funnet,0.0,3675.0
fyr,1853.0,0.0
får,0.0,17350.0
fått,0.0,8704.0
føler,0.0,1646.0
ført,0.0,2108.0
ga,0.0,4818.0
gaa,15899.0,0.0
gaaet,3310.0,0.0
gaar,14881.0,0.0
gammelt,1947.0,0.0
gange,2516.0,0.0
gangen,0.0,2591.0
ganger,0.0,5623.0
gik,21248.0,0.0
gikk,0.0,16356.0
gir,0.0,12380.0
gis,0.0,3141.0
gitt,0.0,7817.0
give,9215.0,0.0
giver,5949.0,0.0
gives,4017.0,0.0
givet,4784.0,0.0
gjaldt,0.0,2292.0
gjeldende,0.0,2529.0
gjelder,0.0,13736.0
gjennem,13093.0,0.0
gjennom,0.0,16311.0
gjor,3325.0,0.0
gjore,6045.0,0.0
gjældende,2036.0,0.0
gjælder,3139.0,0.0
glede,0.0,2150.0
griser,0.0,2010.0
grund,4981.0,0.0
grunn,0.0,11315.0
grunner,0.0,1648.0
grunnlag,0.0,4480.0
gruppe,0.0,2428.0
grupper,0.0,2306.0
gå,0.0,12388.0
går,0.0,14337.0
gått,0.0,4629.0
hand,0.0,1738.0
hann,1949.0,0.0
hardt,0.0,1573.0
hat,2410.0,0.0
hatt,0.0,6642.0
haver,3222.0,0.0
havt,5117.0,0.0
hel,2513.0,0.0
hellige,4447.0,0.0
hen,8555.0,0.0
hende,19712.0,0.0
hendene,0.0,2261.0
hender,0.0,1741.0
hendes,11503.0,0.0
henne,0.0,18478.0
hennes,0.0,9061.0
heraf,1839.0,0.0
herre,1838.0,0.0
hertil,2309.0,0.0
herved,1980.0,0.0
hest,0.0,2202.0
hester,0.0,1645.0
heter,0.0,2404.0
hidtil,2546.0,0.0
hin,1975.0,0.0
hinanden,4865.0,0.0
historie,0.0,2657.0
hjelp,0.0,6420.0
hjelpe,0.0,2366.0
hjerte,2389.0,0.0
hjælp,2077.0,0.0
hjælpe,1979.0,0.0
hodet,0.0,4460.0
holdes,2180.0,0.0
hore,2050.0,0.0
hurtig,2190.0,0.0
huset,0.0,3237.0
hustru,0.0,1684.0
hva,0.0,17864.0
hverken,3804.0,0.0
hvide,2356.0,0.0
hvite,0.0,2172.0
hvoraf,4032.0,0.0
hvordan,0.0,10955.0
hvorefter,2163.0,0.0
hvorfra,2181.0,0.0
hvori,6543.0,0.0
hvorledes,7349.0,0.0
hvormed,2534.0,0.0
hvorpaa,2985.0,0.0
hvortil,2941.0,0.0
hvorved,5920.0,0.0
hånden,0.0,3155.0
høi,2330.0,0.0
høiere,2990.0,0.0
høit,2137.0,0.0
høns,0.0,2008.0
høy,0.0,3451.0
høye,0.0,1702.0
høyere,0.0,3913.0
høyre,0.0,2360.0
høyt,0.0,2586.0
ialfald,2724.0,0.0
ib,1828.0,0.0
iblandt,1981.0,0.0
ich,2227.0,0.0
idag,3062.0,0.0
iffe,18905.0,0.0
ifølge,1851.0,0.0
igjennem,3884.0,0.0
ikkje,0.0,2776.0
ikte,3024.0,0.0
il,2502.0,0.0
ille,1978.0,0.0
im,2651.0,0.0
imellem,3275.0,0.0
imod,7908.0,0.0
imot,0.0,3335.0
inb,1906.0,0.0
ind,25374.0,0.0
inde,3324.0,0.0
indeholder,2805.0,0.0
inden,6891.0,0.0
indtil,9822.0,0.0
informasjon,0.0,3332.0
ingenting,0.0,2174.0
inn,0.0,34371.0
inne,0.0,4474.0
innebærer,0.0,2232.0
inneholder,0.0,3211.0
innen,0.0,5048.0
innenfor,0.0,4987.0
inntekt,0.0,2265.0
inntil,0.0,3551.0
interesse,0.0,2894.0
interesser,0.0,1703.0
internasjonale,0.0,2019.0
ist,2678.0,0.0
istand,2421.0,0.0
især,3464.0,0.0
itte,4441.0,0.0
januar,0.0,2653.0
jord,0.0,2248.0
just,2172.0,0.0
kalde,1824.0,0.0
kalder,2598.0,0.0
kaldes,4954.0,0.0
kaldte,1996.0,0.0
kaller,0.0,1718.0
kalles,0.0,2277.0
kalt,0.0,1635.0
kanske,3690.0,0.0
kanskje,0.0,8873.0
kapittel,0.0,2839.0
kar,2482.0,0.0
karakter,0.0,1768.0
kastet,0.0,2191.0
kgl,3189.0,0.0
kirken,0.0,1823.0
kjeller,0.0,6016.0
kjende,2580.0,0.0
kjender,3059.0,0.0
kjendt,2189.0,0.0
kjendte,2730.0,0.0
kjenner,0.0,3185.0
kjent,0.0,3616.0
kjente,0.0,4342.0
kjære,1966.0,0.0
kjærlighet,0.0,1628.0
kjøk,0.0,5044.0
klar,0.0,3480.0
klare,0.0,2308.0
klasse,0.0,2165.0
knyttet,0.0,3510.0
kommen,4257.0,0.0
kommune,0.0,2978.0
kommunen,0.0,2582.0
kommunene,0.0,2257.0
kommuner,0.0,2107.0
konge,1831.0,0.0
kongen,2372.0,0.0
kontakt,0.0,2940.0
kontroll,0.0,2458.0
kp,3018.0,0.0
krav,0.0,6765.0
kreve,0.0,1881.0
krever,0.0,2171.0
krigen,0.0,2524.0
kroner,0.0,5180.0
kroppen,0.0,2031.0
kuer,0.0,2838.0
kunnet,2437.0,0.0
kunnskap,0.0,1807.0
kveld,0.0,1869.0
kvelden,0.0,1603.0
kvinne,0.0,1993.0
kvinner,0.0,4129.0
laa,7952.0,0.0
lad,3257.0,0.0
lade,7702.0,0.0
lader,5228.0,0.0
lag,0.0,2706.0
lagde,3319.0,0.0
lage,0.0,2408.0
laget,0.0,2670.0
lar,0.0,2661.0
lav,0.0,1663.0
lave,0.0,1695.0
lavere,0.0,2104.0
led,4155.0,0.0
ledd,0.0,6275.0
leder,0.0,1945.0
legge,0.0,4161.0
legger,0.0,2861.0
legges,0.0,2717.0
lenge,0.0,6082.0
lenger,0.0,5528.0
lengre,0.0,1605.0
lese,0.0,2242.0
let,8244.0,0.0
lett,0.0,6008.0
lettere,0.0,1928.0
li,3106.0,0.0
lide,1888.0,0.0
liden,6152.0,0.0
lidet,5686.0,0.0
lidt,8992.0,0.0
lig,2304.0,0.0
lige,9924.0,0.0
ligeledes,2710.0,0.0
ligesaa,3936.0,0.0
ligesom,10111.0,0.0
liggende,2400.0,0.0
lignende,3586.0,0.0
lik,0.0,2530.0
likevel,0.0,5736.0
linje,0.0,2332.0
lite,0.0,7366.0
liten,0.0,7846.0
lod,6469.0,0.0
lokale,0.0,2339.0
lor,0.0,1792.0
lot,0.0,3245.0
love,1875.0,0.0
loven,0.0,2992.0
lyst,0.0,2262.0
lå,0.0,6228.0
lån,0.0,1705.0
låve,0.0,2805.0
lægge,2577.0,0.0
længe,4878.0,0.0
længer,2348.0,0.0
længere,3742.0,0.0
løp,0.0,1632.0
løpet,0.0,3244.0
maa,50231.0,0.0
maade,3542.0,0.0
maal,3224.0,0.0
maaske,3020.0,0.0
maatte,24314.0,0.0
magt,1862.0,0.0
makt,0.0,2082.0
mand,7408.0,0.0
mann,0.0,6967.0
mannen,0.0,3570.0
mark,0.0,4897.0
mars,0.0,2185.0
mat,0.0,2177.0
meb,22018.0,0.0
medens,7975.0,0.0
medlem,0.0,1783.0
medlemmer,0.0,3171.0
meg,0.0,28753.0
megen,3494.0,0.0
mellom,0.0,27063.0
mening,0.0,2403.0
menn,0.0,3890.0
menneske,0.0,2332.0
mennesket,0.0,1593.0
merke,0.0,2935.0
merket,0.0,1798.0
meter,0.0,1856.0
midler,0.0,2065.0
millioner,0.0,2204.0
mindst,3057.0,0.0
mindste,2086.0,0.0
minst,0.0,5093.0
minste,0.0,1992.0
minutter,0.0,2103.0
mit,16642.0,0.0
mitt,0.0,4079.0
mm,0.0,2083.0
mob,2537.0,0.0
mod,29836.0,0.0
moderne,0.0,2187.0
moren,0.0,1682.0
morgen,0.0,1938.0
mulighet,0.0,2051.0
muligheter,0.0,2179.0
muligt,4407.0,0.0
munnen,0.0,1593.0
mye,0.0,10130.0
mål,0.0,3498.0
måneder,0.0,1989.0
måte,0.0,9824.0
måten,0.0,3694.0
måtte,0.0,13555.0
mænd,2585.0,0.0
mørke,0.0,1687.0
møte,0.0,3052.0
møter,0.0,2117.0
na,0.0,1995.0
naa,2014.0,0.0
naar,32977.0,0.0
nan,0.0,2222.0
natt,0.0,1793.0
natten,0.0,1882.0
naturlig,0.0,2790.0
naturlige,1863.0,0.0
naturligvis,2312.0,0.0
navnet,0.0,2533.0
navnlig,2913.0,0.0
nb,2326.0,0.0
ne,2540.0,0.0
neb,2849.0,0.0
nedover,0.0,1668.0
neste,0.0,3883.0
nesten,0.0,6064.0
netop,6261.0,0.0
nettopp,0.0,3367.0
nevnt,0.0,4211.0
nevnte,0.0,2034.0
ni,3429.0,0.0
nicht,2402.0,0.0
nikket,0.0,1975.0
nivå,0.0,1802.0
nn,3116.0,0.0
noe,0.0,32666.0
noen,0.0,28560.0
nogle,11062.0,0.0
nordre,1938.0,0.0
normalt,0.0,1930.0
november,0.0,1995.0
nyt,3434.0,0.0
nytt,0.0,5122.0
nå,0.0,21918.0
nåar,10276.0,0.0
når,0.0,30128.0
nåv,0.0,3921.0
nærmest,1869.0,0.0
næste,2256.0,0.0
næsten,5727.0,0.0
nævnte,3074.0,0.0
nødvendig,0.0,5991.0
nødvendige,0.0,1941.0
oar,3089.0,0.0
ober,2102.0,0.0
oc,6023.0,0.0
oe,6704.0,0.0
oeb,3504.0,0.0
ogfaa,8018.0,0.0
ogsaa,58687.0,0.0
oi,2267.0,0.0
ok,16252.0,0.0
oktober,0.0,1947.0
ombord,2200.0,0.0
omfattende,0.0,1839.0
omfatter,0.0,2089.0
omhandlede,2531.0,0.0
område,0.0,2557.0
områder,0.0,2808.0
området,0.0,2990.0
onde,2257.0,0.0
ondt,2291.0,0.0
oo,2589.0,0.0
ooer,1939.0,0.0
opp,0.0,36410.0
oppf,0.0,11232.0
oppgave,0.0,2035.0
oppgåver,0.0,1680.0
opplysninger,0.0,2601.0
oppnå,0.0,1630.0
opprettet,0.0,1635.0
opptatt,0.0,2008.0
orden,0.0,1710.0
ordet,0.0,1891.0
ordning,0.0,1807.0
ot,5354.0,0.0
overalt,2593.0,0.0
oversikt,0.0,1842.0
pan,3473.0,0.0
passende,2013.0,0.0
penger,0.0,3092.0
perioden,0.0,2010.0
person,0.0,2770.0
personer,0.0,4229.0
plads,1874.0,0.0
plan,0.0,1813.0
plank,0.0,2028.0
plass,0.0,4285.0
pludselig,2540.0,0.0
plutselig,0.0,2646.0
politisk,0.0,2293.0
politiske,0.0,3865.0
praksis,0.0,2886.0
praktisk,0.0,2107.0
pris,0.0,1867.0
privat,0.0,1779.0
private,0.0,2565.0
problem,0.0,1780.0
problemer,0.0,3254.0
prosent,0.0,5035.0
prp,2452.0,0.0
prøvde,0.0,1613.0
prøve,0.0,2188.0
prøver,0.0,1696.0
punkt,0.0,2482.0
raabte,2359.0,0.0
raskt,0.0,2008.0
re,3298.0,0.0
redd,0.0,2110.0
regel,0.0,3090.0
reglene,0.0,2036.0
regler,0.0,4136.0
regne,0.0,1738.0
regnet,0.0,1727.0
reisv,0.0,1614.0
rekke,0.0,6515.0
relativt,0.0,2484.0
representerer,0.0,1574.0
resten,0.0,1748.0
resultat,0.0,2133.0
resultatet,0.0,1627.0
ret,10510.0,0.0
retning,0.0,2530.0
rett,0.0,12118.0
retten,0.0,1700.0
rettet,0.0,1675.0
rettigheter,0.0,1652.0
rige,2512.0,0.0
rigtig,3820.0,0.0
rike,0.0,1573.0
riktig,0.0,4304.0
rimelig,0.0,2255.0
ringe,2850.0,0.0
rolig,2008.0,0.0
rolle,0.0,2920.0
rom,0.0,9061.0
rommet,0.0,2221.0
ropte,0.0,2017.0
rt,0.0,1648.0
ryggen,0.0,1695.0
råd,0.0,2080.0
røde,0.0,1744.0
saaat,2189.0,0.0
saadan,11582.0,0.0
saadanne,5701.0,0.0
saadant,4308.0,0.0
saakaldte,1904.0,0.0
saaledes,25356.0,0.0
saavel,3420.0,0.0
saavidt,2394.0,0.0
sad,3656.0,0.0
sagde,17720.0,0.0
sak,0.0,2465.0
saken,0.0,3120.0
saker,0.0,2368.0
salt,0.0,1812.0
samarbeid,0.0,2802.0
samfunn,0.0,1845.0
samfunnet,0.0,2003.0
samlede,2050.0,0.0
sammenheng,0.0,3546.0
samtlige,2345.0,0.0
sandt,2516.0,0.0
sant,0.0,2588.0
sat,5566.0,0.0
satt,0.0,8420.0
sauer,0.0,2148.0
see,2354.0,0.0
seer,1979.0,0.0
sees,3115.0,0.0
seet,3302.0,0.0
seks,0.0,1821.0
selskap,0.0,1606.0
sem,2959.0,0.0
sendt,0.0,1705.0
sendte,2274.0,0.0
sentrale,0.0,1978.0
september,0.0,2212.0
set,2412.0,0.0
sett,0.0,10078.0
sette,0.0,4930.0
setter,0.0,2864.0
settes,0.0,2517.0
sich,2323.0,0.0
sider,0.0,2231.0
sidste,12817.0,0.0
sier,0.0,9278.0
sies,0.0,1621.0
sige,10508.0,0.0
siger,14081.0,0.0
siges,2451.0,0.0
sikker,0.0,2159.0
sikre,0.0,2589.0
siste,0.0,10326.0
sit,28287.0,0.0
sitt,0.0,13661.0
sitter,0.0,2066.0
situasjon,0.0,2375.0
situasjonen,0.0,2001.0
skade,0.0,2118.0
skape,0.0,1889.0
ske,2726.0,0.0
skip,0.0,2367.0
skje,0.0,2842.0
skjedd,0.0,1651.0
skjedde,0.0,2065.0
skjer,0.0,3490.0
skjønt,2050.0,0.0
skole,0.0,2913.0
skolen,0.0,4649.0
skrev,0.0,2351.0
skyldes,0.0,2487.0
slektens,0.0,2536.0
slet,2488.0,0.0
slik,0.0,26653.0
slike,0.0,7175.0
slikt,0.0,3246.0
slo,0.0,2749.0
slog,2331.0,0.0
slutt,0.0,4019.0
slutten,0.0,2100.0
slå,0.0,1973.0
smaa,5610.0,0.0
smilte,0.0,2391.0
smst,0.0,1845.0
små,0.0,5836.0
snakke,0.0,3154.0
snakker,0.0,1575.0
snakket,0.0,2623.0
snudde,0.0,1927.0
so,5422.0,0.0
sosiale,0.0,2725.0
spesielle,0.0,2629.0
spesielt,0.0,4089.0
spiller,0.0,1638.0
spurgte,3808.0,0.0
spurte,0.0,4819.0
spørsmål,0.0,6368.0
spørsmålet,0.0,3665.0
ss,0.0,2795.0
staa,4620.0,0.0
staaende,2396.0,0.0
staar,9265.0,0.0
stal,24149.0,0.0
stall,0.0,2836.0
stand,0.0,3011.0
staten,0.0,2299.0
ste,3006.0,0.0
stedet,0.0,4222.0
stedse,2041.0,0.0
stemme,0.0,2361.0
stemmer,0.0,1708.0
sterke,0.0,2181.0
sterkere,0.0,1585.0
stirret,0.0,2083.0
sto,0.0,6641.0
strax,2549.0,0.0
stulde,3929.0,0.0
stulle,5411.0,0.0
stund,0.0,2570.0
styrke,0.0,2043.0
stå,0.0,3595.0
stående,0.0,1715.0
står,0.0,9095.0
størrelse,0.0,1905.0
støtte,0.0,3322.0
svar,0.0,2257.0
svare,1845.0,0.0
svarede,3685.0,0.0
svenske,3695.0,0.0
svært,0.0,6065.0
sykdom,0.0,1718.0
syn,0.0,1682.0
system,0.0,2429.0
systemet,0.0,1749.0
såkalte,0.0,1786.0
således,0.0,3226.0
sått,0.0,1665.0
sætte,3044.0,0.0
sætter,1925.0,0.0
søke,0.0,1880.0
søn,2254.0,0.0
sønn,0.0,2206.0
tabell,0.0,2407.0
tage,4552.0,0.0
tager,2625.0,0.0
tages,1972.0,0.0
taget,3902.0,0.0
tak,0.0,2064.0
tal,2654.0,0.0
tall,0.0,2487.0
tallet,0.0,3891.0
talt,2284.0,0.0
talte,4303.0,0.0
tanken,0.0,1597.0
tanker,0.0,1669.0
tap,0.0,2248.0
tas,0.0,2590.0
tatt,0.0,9022.0
tegn,0.0,2160.0
tekniske,0.0,1638.0
tekst,0.0,2270.0
teksten,0.0,1886.0
temmelig,3154.0,0.0
tenke,0.0,3672.0
tenker,0.0,2228.0
tenkt,0.0,2273.0
tenkte,0.0,4442.0
that,0.0,2663.0
ther,1870.0,0.0
thi,14362.0,0.0
tidlig,0.0,2541.0
tidspunkt,0.0,1686.0
tilbage,13742.0,0.0
tildels,2332.0,0.0
tilfelle,0.0,5685.0
tilfeller,0.0,3095.0
tilfælde,5593.0,0.0
till,4248.0,0.0
tillegg,0.0,5280.0
tillige,4345.0,0.0
tilsammen,1909.0,0.0
tilstede,2832.0,0.0
tilstrekkelig,0.0,2305.0
tilstrækkelig,1836.0,0.0
tilsvarende,0.0,3365.0
tiltak,0.0,3456.0
time,0.0,2580.0
timer,0.0,3032.0
tit,12513.0,0.0
tjene,2822.0,0.0
tog,9980.0,0.0
tonn,0.0,2828.0
tor,2025.0,0.0
trakk,0.0,2566.0
tredje,0.0,3145.0
trekk,0.0,1654.0
trekke,0.0,2151.0
trenger,0.0,3866.0
trodde,0.0,2317.0
troede,2088.0,0.0
tross,0.0,2500.0
tvil,0.0,1794.0
tydelig,0.0,2115.0
type,0.0,2528.0
typer,0.0,1861.0
tyske,0.0,2104.0
tåge,4510.0,0.0
tænke,2887.0,0.0
tænkte,2607.0,0.0
tømm,0.0,4307.0
tør,2486.0,0.0
uagtet,1929.0,0.0
ub,10225.0,0.0
ud,26543.0,0.0
ude,3161.0,0.0
uden,23581.0,0.0
udenfor,4315.0,0.0
udi,2845.0,0.0
ug,0.0,3017.0
ulike,0.0,8252.0
um,3343.0,0.0
umulig,0.0,1649.0
un,2716.0,0.0
unb,4781.0,0.0
unber,2488.0,0.0
und,9970.0,0.0
undersøkelse,0.0,1617.0
undersøkelser,0.0,1578.0
undertiden,2074.0,0.0
ung,2609.0,0.0
unna,0.0,1615.0
unngå,0.0,1600.0
utdanning,0.0,2058.0
ute,0.0,4709.0
utenfor,0.0,5681.0
utgangspunkt,0.0,2196.0
utgjør,0.0,2110.0
utover,0.0,2384.0
utstrekning,0.0,1970.0
uttrykk,0.0,4293.0
utviklet,0.0,2032.0
utvikling,0.0,4346.0
utviklingen,0.0,2577.0
vaa,3182.0,0.0
valg,0.0,2699.0
valgt,0.0,2330.0
valgte,0.0,1732.0
vand,3570.0,0.0
vanlig,0.0,4115.0
vanlige,0.0,2410.0
vanligvis,0.0,1770.0
vann,0.0,4714.0
vannet,0.0,2149.0
vanskelig,0.0,5341.0
varer,0.0,2146.0
vart,0.0,2222.0
vcere,11016.0,0.0
vceret,3376.0,0.0
ve,2138.0,0.0
veien,0.0,3816.0
vekk,0.0,1740.0
vekt,0.0,3952.0
veldig,0.0,1649.0
velge,0.0,2504.0
velger,0.0,1769.0
vende,1973.0,0.0
vendte,3327.0,0.0
venn,0.0,1670.0
venner,0.0,1870.0
ventet,0.0,2526.0
ver,0.0,2493.0
verdi,0.0,2929.0
verdier,0.0,1976.0
vere,2549.0,0.0
vesentlig,0.0,3060.0
vide,5115.0,0.0
vidste,3620.0,0.0
vigtigste,2112.0,0.0
viktig,0.0,8033.0
viktige,0.0,2435.0
viktigste,0.0,3178.0
vilje,0.0,1622.0
vilkår,0.0,1614.0
vinde,1943.0,0.0
vinduet,0.0,1600.0
virke,0.0,2083.0
virker,0.0,2422.0
virket,0.0,2358.0
virksomhet,0.0,3536.0
vis,3803.0,0.0
vises,0.0,1790.0
viss,0.0,3296.0
visst,0.0,2717.0
visste,0.0,4921.0
vistnok,5523.0,0.0
vite,0.0,3555.0
von,5742.0,0.0
vor,16604.0,0.0
vore,10137.0,0.0
vort,6911.0,0.0
vurdering,0.0,1784.0
vår,0.0,8156.0
våre,0.0,4820.0
vårt,0.0,3931.0
vært,0.0,23847.0
væsentlig,2724.0,0.0
war,2338.0,0.0
with,0.0,2233.0
ydre,2086.0,0.0
zu,3399.0,0.0
Æ,0.0,2069.0
åpne,0.0,2275.0
åpnet,0.0,2478.0
år,0.0,27060.0
årene,0.0,6300.0
året,0.0,3178.0
års,0.0,1979.0
ældre,3274.0,0.0
ø,1986.0,0.0
øke,0.0,1847.0
økonomisk,0.0,2878.0
økonomiske,0.0,3984.0
økt,0.0,2295.0
ønske,0.0,1866.0
ønsker,0.0,4508.0
ønsket,0.0,2902.0
øvrig,0.0,2119.0
øyeblikk,0.0,2461.0
øyne,0.0,1936.0
øynene,0.0,3719.0
